GEOID,NAME,AIAN,Asian,BlackAA,Hispanic,MultiRacial,NHPI,Other,totpop,white_notHL
53033000101,Census Tract 1.01; King County; Washington,0,886,457,500,238,0,0,3370,1289
53033000102,Census Tract 1.02; King County; Washington,0,333,293,413,65,0,20,4548,3424
53033000201,Census Tract 2.01; King County; Washington,14,745,558,744,194,0,32,4918,2631
53033000202,Census Tract 2.02; King County; Washington,0,933,340,624,362,0,0,4406,2147
53033000300,Census Tract 3; King County; Washington,0,555,102,76,175,1,14,2819,1896
53033000402,Census Tract 4.02; King County; Washington,0,409,105,612,314,13,39,5420,3928
53033000403,Census Tract 4.03; King County; Washington,8,423,134,174,332,0,64,3526,2391
53033000404,Census Tract 4.04; King County; Washington,0,472,917,848,167,69,0,3644,1171
53033000500,Census Tract 5; King County; Washington,0,281,131,46,301,0,41,3361,2561
53033000601,Census Tract 6.01; King County; Washington,10,598,403,284,368,64,50,4397,2620
53033000602,Census Tract 6.02; King County; Washington,46,569,293,499,348,0,0,3663,1908
53033000700,Census Tract 7; King County; Washington,0,965,239,476,282,18,134,5217,3103
53033000800,Census Tract 8; King County; Washington,0,249,14,163,149,0,0,2595,2020
53033000900,Census Tract 9; King County; Washington,0,498,76,41,104,0,49,2065,1297
53033001000,Census Tract 10; King County; Washington,3,190,126,118,218,0,7,2009,1347
53033001100,Census Tract 11; King County; Washington,0,501,98,224,108,43,50,2550,1526
53033001201,Census Tract 12.01; King County; Washington,0,421,279,548,329,0,0,4053,2476
53033001202,Census Tract 12.02; King County; Washington,0,837,557,432,394,0,25,3968,1723
53033001300,Census Tract 13; King County; Washington,120,704,527,710,337,0,64,5207,2745
53033001400,Census Tract 14; King County; Washington,0,421,4,338,553,28,0,5145,3801
53033001500,Census Tract 15; King County; Washington,0,139,1,17,226,0,17,2645,2245
53033001600,Census Tract 16; King County; Washington,0,536,31,281,382,0,0,4933,3703
53033001701,Census Tract 17.01; King County; Washington,0,530,199,449,389,21,71,4217,2558
53033001702,Census Tract 17.02; King County; Washington,30,770,180,635,532,0,0,5847,3700
53033001800,Census Tract 18; King County; Washington,0,978,69,310,278,81,18,4459,2725
53033001900,Census Tract 19; King County; Washington,35,881,198,201,346,0,87,5036,3288
53033002000,Census Tract 20; King County; Washington,3,542,50,126,275,0,10,4231,3225
53033002100,Census Tract 21; King County; Washington,0,566,84,424,300,0,0,4844,3470
53033002200,Census Tract 22; King County; Washington,11,1053,158,479,311,0,22,6201,4167
53033002400,Census Tract 24; King County; Washington,0,339,13,89,173,22,0,3051,2415
53033002500,Census Tract 25; King County; Washington,13,499,0,139,261,0,0,3265,2353
53033002600,Census Tract 26; King County; Washington,0,631,24,157,247,0,15,5372,4298
53033002700,Census Tract 27; King County; Washington,0,962,37,281,481,0,64,5928,4103
53033002800,Census Tract 28; King County; Washington,0,259,290,430,480,4,0,5107,3644
53033002900,Census Tract 29; King County; Washington,0,129,77,334,190,0,42,4475,3703
53033003000,Census Tract 30; King County; Washington,0,453,108,207,394,0,70,6366,5134
53033003100,Census Tract 31; King County; Washington,23,372,55,296,667,0,0,6660,5247
53033003201,Census Tract 32.01; King County; Washington,0,470,59,440,132,0,0,4589,3488
53033003202,Census Tract 32.02; King County; Washington,19,424,106,179,431,0,15,4917,3743
53033003301,Census Tract 33.01; King County; Washington,0,463,1,194,347,73,0,4315,3237
53033003302,Census Tract 33.02; King County; Washington,0,368,19,304,192,0,0,3899,3016
53033003400,Census Tract 34; King County; Washington,17,249,50,234,264,0,0,3576,2762
53033003500,Census Tract 35; King County; Washington,7,221,17,310,270,0,0,4051,3226
53033003601,Census Tract 36.01; King County; Washington,18,428,61,136,94,0,46,3602,2819
53033003602,Census Tract 36.02; King County; Washington,0,740,122,513,303,0,0,4228,2550
53033003800,Census Tract 38; King County; Washington,13,343,113,194,167,0,53,2478,1595
53033003900,Census Tract 39; King County; Washington,0,687,42,232,256,0,0,3383,2166
53033004000,Census Tract 40; King County; Washington,1,291,92,70,178,29,74,3116,2381
53033004101,Census Tract 41.01; King County; Washington,0,336,42,215,207,0,0,4106,3306
53033004102,Census Tract 41.02; King County; Washington,0,626,10,211,186,15,0,4038,2990
53033004201,Census Tract 42.01; King County; Washington,24,350,18,196,229,0,25,3756,2914
53033004202,Census Tract 42.02; King County; Washington,76,410,18,205,374,0,0,4815,3732
53033004301,Census Tract 43.01; King County; Washington,176,636,131,245,252,7,0,3605,2158
53033004302,Census Tract 43.02; King County; Washington,31,813,243,402,678,9,32,4465,2257
53033004401,Census Tract 44.01; King County; Washington,0,360,76,366,128,5,12,3720,2773
53033004402,Census Tract 44.02; King County; Washington,0,1114,142,349,211,10,0,3497,1671
53033004500,Census Tract 45; King County; Washington,0,465,20,150,356,0,34,3230,2205
53033004600,Census Tract 46; King County; Washington,0,236,43,174,187,0,0,3753,3113
53033004701,Census Tract 47.01; King County; Washington,0,526,105,344,175,0,106,3596,2340
53033004702,Census Tract 47.02; King County; Washington,0,819,0,166,273,0,0,3458,2200
53033004703,Census Tract 47.03; King County; Washington,0,565,19,332,402,0,0,4111,2793
53033004800,Census Tract 48; King County; Washington,15,673,69,245,388,0,0,5108,3718
53033004901,Census Tract 49.01; King County; Washington,0,389,110,256,203,0,0,3883,2925
53033004902,Census Tract 49.02; King County; Washington,0,354,90,134,272,0,0,3359,2509
53033005000,Census Tract 50; King County; Washington,0,476,294,653,282,18,18,4625,2884
53033005100,Census Tract 51; King County; Washington,0,123,17,461,253,7,0,3848,2987
53033005201,Census Tract 52.01; King County; Washington,17,781,166,183,431,0,62,3675,2035
53033005202,Census Tract 52.02; King County; Washington,0,1349,110,62,188,26,0,3056,1321
53033005303,Census Tract 53.03; King County; Washington,8,1306,185,435,460,24,9,3943,1516
53033005304,Census Tract 53.04; King County; Washington,16,1344,114,295,342,18,0,3428,1299
53033005305,Census Tract 53.05; King County; Washington,60,649,203,123,187,0,10,2137,905
53033005306,Census Tract 53.06; King County; Washington,80,1597,205,264,203,0,0,3404,1055
53033005307,Census Tract 53.07; King County; Washington,6,573,130,182,493,13,59,3119,1663
53033005401,Census Tract 54.01; King County; Washington,0,592,62,127,277,0,38,3306,2210
53033005402,Census Tract 54.02; King County; Washington,0,364,34,216,206,0,0,2963,2143
53033005600,Census Tract 56; King County; Washington,0,542,255,286,274,0,83,7158,5718
53033005700,Census Tract 57; King County; Washington,0,726,0,380,692,22,80,6614,4714
53033005801,Census Tract 58.01; King County; Washington,25,987,172,592,266,0,0,6359,4317
53033005803,Census Tract 58.03; King County; Washington,0,550,100,99,264,1,0,3237,2223
53033005804,Census Tract 58.04; King County; Washington,11,241,58,366,122,0,0,2508,1710
53033005901,Census Tract 59.01; King County; Washington,16,543,80,292,386,0,0,3607,2290
53033005902,Census Tract 59.02; King County; Washington,0,309,46,272,549,1,9,4316,3130
53033006000,Census Tract 60; King County; Washington,0,903,68,838,290,0,8,6329,4222
53033006100,Census Tract 61; King County; Washington,0,560,76,388,365,0,22,6104,4693
53033006200,Census Tract 62; King County; Washington,9,404,195,65,326,0,0,4239,3240
53033006300,Census Tract 63; King County; Washington,0,329,60,199,269,0,0,5844,4987
53033006400,Census Tract 64; King County; Washington,13,266,193,168,347,0,11,3605,2607
53033006500,Census Tract 65; King County; Washington,0,732,32,349,267,0,52,4773,3341
53033006600,Census Tract 66; King County; Washington,53,378,125,210,439,48,36,4108,2819
53033006701,Census Tract 67.01; King County; Washington,0,1608,29,172,138,0,0,3475,1528
53033006702,Census Tract 67.02; King County; Washington,0,1095,160,169,126,4,0,2996,1442
53033006703,Census Tract 67.03; King County; Washington,0,350,10,313,267,0,7,3113,2166
53033006800,Census Tract 68; King County; Washington,0,242,104,208,209,0,26,3273,2484
53033006900,Census Tract 69; King County; Washington,0,476,41,424,265,0,98,4984,3680
53033007001,Census Tract 70.01; King County; Washington,2,276,131,496,242,0,204,3737,2386
53033007002,Census Tract 70.02; King County; Washington,0,477,143,337,464,6,0,4052,2625
53033007101,Census Tract 71.01; King County; Washington,0,680,202,450,261,0,0,3026,1433
53033007102,Census Tract 71.02; King County; Washington,2,743,178,108,129,26,17,2597,1394
53033007201,Census Tract 72.01; King County; Washington,0,2435,179,534,89,0,10,5186,1939
53033007202,Census Tract 72.02; King County; Washington,0,1679,10,262,65,12,46,3631,1557
53033007203,Census Tract 72.03; King County; Washington,64,1556,188,63,174,0,0,3137,1092
53033007301,Census Tract 73.01; King County; Washington,115,1387,125,324,232,4,0,3416,1229
53033007302,Census Tract 73.02; King County; Washington,43,2212,260,537,153,0,38,5231,1988
53033007303,Census Tract 73.03; King County; Washington,0,1451,172,149,160,0,0,3645,1713
53033007403,Census Tract 74.03; King County; Washington,7,454,171,244,152,0,28,2943,1887
53033007404,Census Tract 74.04; King County; Washington,0,283,46,155,347,0,14,2770,1925
53033007405,Census Tract 74.05; King County; Washington,79,304,210,125,146,0,46,2518,1608
53033007406,Census Tract 74.06; King County; Washington,26,585,33,344,355,0,0,2644,1301
53033007501,Census Tract 75.01; King County; Washington,65,423,110,424,315,141,68,4131,2585
53033007502,Census Tract 75.02; King County; Washington,0,443,97,222,557,27,0,3071,1725
53033007503,Census Tract 75.03; King County; Washington,21,531,12,78,96,0,0,2285,1547
53033007600,Census Tract 76; King County; Washington,0,532,230,197,120,0,2,4692,3611
53033007700,Census Tract 77; King County; Washington,15,514,450,388,760,0,73,5665,3465
53033007800,Census Tract 78; King County; Washington,0,373,412,260,510,0,0,5670,4115
53033007901,Census Tract 79.01; King County; Washington,11,290,403,207,149,9,0,3079,2010
53033007902,Census Tract 79.02; King County; Washington,11,531,447,287,247,0,0,3781,2258
53033008002,Census Tract 80.02; King County; Washington,18,1151,328,227,345,0,65,4363,2229
53033008003,Census Tract 80.03; King County; Washington,0,972,165,398,175,0,192,3911,2009
53033008004,Census Tract 80.04; King County; Washington,0,729,66,38,430,0,0,3024,1761
53033008101,Census Tract 81.01; King County; Washington,14,671,148,201,58,0,19,2788,1677
53033008102,Census Tract 81.02; King County; Washington,33,903,342,300,222,0,0,3512,1712
53033008200,Census Tract 82; King County; Washington,13,1831,249,140,358,0,0,4632,2041
53033008300,Census Tract 83; King County; Washington,0,804,210,220,240,22,34,3342,1812
53033008401,Census Tract 84.01; King County; Washington,27,943,97,141,248,31,11,3394,1896
53033008402,Census Tract 84.02; King County; Washington,9,292,270,302,308,0,10,2972,1781
53033008500,Census Tract 85; King County; Washington,30,799,861,290,172,9,9,4458,2288
53033008600,Census Tract 86; King County; Washington,1,1834,518,779,664,7,12,6863,3048
53033008700,Census Tract 87; King County; Washington,5,969,526,374,308,0,0,4888,2706
53033008800,Census Tract 88; King County; Washington,0,246,664,494,190,0,26,4290,2670
53033008900,Census Tract 89; King County; Washington,0,645,843,836,506,0,0,6176,3346
53033009000,Census Tract 90; King County; Washington,0,850,526,749,465,12,0,4256,1654
53033009100,Census Tract 91; King County; Washington,0,1816,173,140,184,0,35,3173,825
53033009200,Census Tract 92; King County; Washington,11,1057,367,279,265,7,0,3373,1387
53033009300,Census Tract 93; King County; Washington,43,634,225,366,439,49,0,3364,1608
53033009400,Census Tract 94; King County; Washington,44,1339,733,491,778,119,24,6289,2761
53033009500,Census Tract 95; King County; Washington,0,1463,1229,653,586,0,91,7179,3157
53033009600,Census Tract 96; King County; Washington,0,382,146,272,353,2,48,6057,4854
53033009701,Census Tract 97.01; King County; Washington,49,495,642,188,216,0,20,6029,4419
53033009702,Census Tract 97.02; King County; Washington,0,252,17,413,371,0,0,6093,5040
53033009801,Census Tract 98.01; King County; Washington,0,77,0,187,312,0,0,3409,2833
53033009802,Census Tract 98.02; King County; Washington,0,432,187,179,251,0,39,4214,3126
53033009900,Census Tract 99; King County; Washington,0,647,482,556,760,15,0,5803,3343
53033010001,Census Tract 100.01; King County; Washington,132,1276,812,439,159,100,0,4148,1230
53033010002,Census Tract 100.02; King County; Washington,20,1146,511,449,502,10,34,4865,2193
53033010101,Census Tract 101.01; King County; Washington,19,781,1306,219,280,0,61,4246,1580
53033010102,Census Tract 101.02; King County; Washington,0,456,278,464,434,44,129,4693,2888
53033010200,Census Tract 102; King County; Washington,13,740,650,488,370,0,0,5439,3178
53033010301,Census Tract 103.01; King County; Washington,0,727,1021,288,196,0,0,4190,1958
53033010302,Census Tract 103.02; King County; Washington,14,328,315,294,88,0,13,3438,2386
53033010401,Census Tract 104.01; King County; Washington,0,1842,749,539,394,0,0,4672,1148
53033010402,Census Tract 104.02; King County; Washington,0,2618,356,468,218,2,0,4660,998
53033010501,Census Tract 105.01; King County; Washington,0,193,71,454,413,41,10,4315,3133
53033010502,Census Tract 105.02; King County; Washington,0,184,229,566,252,0,175,5769,4363
53033010601,Census Tract 106.01; King County; Washington,0,221,106,517,211,0,0,4245,3190
53033010602,Census Tract 106.02; King County; Washington,0,99,94,170,186,0,5,3923,3369
53033010701,Census Tract 107.01; King County; Washington,33,501,1236,428,252,0,109,4220,1661
53033010702,Census Tract 107.02; King County; Washington,34,711,1705,358,302,18,0,5012,1884
53033010800,Census Tract 108; King County; Washington,1,968,475,370,740,0,0,5023,2469
53033010900,Census Tract 109; King County; Washington,2,97,22,160,120,0,0,1181,780
53033011001,Census Tract 110.01; King County; Washington,0,2256,1494,199,311,0,50,5067,757
53033011002,Census Tract 110.02; King County; Washington,0,2391,1397,206,218,19,26,4801,544
53033011101,Census Tract 111.01; King County; Washington,60,1092,890,783,415,72,27,4807,1468
53033011102,Census Tract 111.02; King County; Washington,0,1227,818,909,523,0,49,5759,2233
53033011200,Census Tract 112; King County; Washington,48,975,464,938,211,7,34,4060,1383
53033011300,Census Tract 113; King County; Washington,57,845,857,1088,757,308,17,6969,3040
53033011401,Census Tract 114.01; King County; Washington,49,699,824,800,270,21,15,5188,2510
53033011402,Census Tract 114.02; King County; Washington,0,648,254,1171,398,7,17,4426,1931
53033011500,Census Tract 115; King County; Washington,0,339,72,578,435,0,10,4370,2936
53033011601,Census Tract 116.01; King County; Washington,0,268,29,320,323,0,0,3337,2397
53033011602,Census Tract 116.02; King County; Washington,0,101,48,321,221,0,0,3615,2924
53033011700,Census Tract 117; King County; Washington,81,2883,928,633,199,0,37,5742,981
53033011801,Census Tract 118.01; King County; Washington,7,981,476,577,384,20,18,3361,898
53033011802,Census Tract 118.02; King County; Washington,94,444,1787,839,296,0,125,4918,1333
53033011901,Census Tract 119.01; King County; Washington,113,1903,732,364,317,0,80,4553,1044
53033011902,Census Tract 119.02; King County; Washington,5,1115,557,118,96,0,55,3034,1088
53033012000,Census Tract 120; King County; Washington,0,99,0,227,266,0,106,3373,2675
53033012100,Census Tract 121; King County; Washington,0,230,9,206,140,0,0,2772,2187
53033020100,Census Tract 201; King County; Washington,0,547,22,62,143,0,20,3409,2615
53033020200,Census Tract 202; King County; Washington,1,561,213,221,251,0,30,5453,4176
53033020301,Census Tract 203.01; King County; Washington,0,526,153,694,128,0,9,3530,2020
53033020302,Census Tract 203.02; King County; Washington,0,883,209,423,424,0,40,3887,1908
53033020401,Census Tract 204.01; King County; Washington,22,396,302,438,186,0,22,4221,2855
53033020402,Census Tract 204.02; King County; Washington,43,628,97,223,654,4,45,5523,3829
53033020500,Census Tract 205; King County; Washington,0,1510,579,635,769,0,48,7761,4220
53033020600,Census Tract 206; King County; Washington,0,828,554,557,220,0,49,4020,1812
53033020700,Census Tract 207; King County; Washington,0,618,256,524,286,0,0,4140,2456
53033020800,Census Tract 208; King County; Washington,8,475,129,121,313,16,89,4686,3535
53033020900,Census Tract 209; King County; Washington,15,668,77,255,239,0,62,3941,2625
53033021000,Census Tract 210; King County; Washington,99,639,1002,257,245,17,0,5786,3527
53033021100,Census Tract 211; King County; Washington,0,657,108,299,219,0,0,4222,2939
53033021300,Census Tract 213; King County; Washington,0,762,448,346,231,3,59,4327,2478
53033021400,Census Tract 214; King County; Washington,39,273,0,265,231,7,12,3985,3158
53033021500,Census Tract 215; King County; Washington,0,278,54,326,473,80,0,4798,3587
53033021600,Census Tract 216; King County; Washington,10,541,218,186,597,0,24,5407,3831
53033021701,Census Tract 217.01; King County; Washington,2,1170,259,518,353,0,64,4599,2233
53033021702,Census Tract 217.02; King County; Washington,1,852,177,1055,151,2,0,5204,2966
53033021802,Census Tract 218.02; King County; Washington,34,1080,87,519,560,0,49,6062,3733
53033021803,Census Tract 218.03; King County; Washington,0,847,63,332,214,0,52,6458,4950
53033021804,Census Tract 218.04; King County; Washington,0,880,117,803,327,0,0,5482,3355
53033021903,Census Tract 219.03; King County; Washington,12,1105,211,497,600,0,0,6635,4210
53033021904,Census Tract 219.04; King County; Washington,0,1650,41,472,329,0,0,5720,3228
53033021905,Census Tract 219.05; King County; Washington,92,973,0,236,771,89,154,5678,3363
53033021906,Census Tract 219.06; King County; Washington,38,1305,1,215,457,0,121,4591,2454
53033022001,Census Tract 220.01; King County; Washington,18,787,17,386,504,0,0,5154,3442
53033022003,Census Tract 220.03; King County; Washington,80,651,128,637,398,0,27,5227,3306
53033022005,Census Tract 220.05; King County; Washington,25,1203,51,449,306,0,101,4448,2313
53033022006,Census Tract 220.06; King County; Washington,0,965,18,307,164,0,0,4373,2919
53033022101,Census Tract 221.01; King County; Washington,25,449,85,393,240,0,19,4956,3745
53033022102,Census Tract 221.02; King County; Washington,0,1329,40,803,246,0,110,6480,3952
53033022201,Census Tract 222.01; King County; Washington,0,550,45,215,261,0,0,4646,3575
53033022203,Census Tract 222.03; King County; Washington,0,1290,10,213,316,0,17,5563,3717
53033022204,Census Tract 222.04; King County; Washington,0,378,56,237,233,9,0,3166,2253
53033022205,Census Tract 222.05; King County; Washington,0,497,80,224,356,0,18,4141,2966
53033022300,Census Tract 223; King County; Washington,0,340,78,27,139,0,0,2528,1944
53033022401,Census Tract 224.01; King County; Washington,0,207,0,430,273,0,19,3499,2570
53033022402,Census Tract 224.02; King County; Washington,24,528,11,420,256,0,73,6098,4786
53033022501,Census Tract 225.01; King County; Washington,12,726,247,311,286,9,68,4450,2791
53033022502,Census Tract 225.02; King County; Washington,0,700,0,248,305,0,0,4186,2933
53033022603,Census Tract 226.03; King County; Washington,0,1936,158,159,492,0,70,5973,3158
53033022604,Census Tract 226.04; King County; Washington,0,1285,108,256,197,0,56,4954,3052
53033022605,Census Tract 226.05; King County; Washington,0,1614,119,1617,219,0,119,7411,3723
53033022606,Census Tract 226.06; King County; Washington,54,2310,65,344,176,0,0,6391,3442
53033022701,Census Tract 227.01; King County; Washington,11,536,60,109,74,0,0,2982,2192
53033022702,Census Tract 227.02; King County; Washington,0,686,21,245,225,3,0,4148,2968
53033022703,Census Tract 227.03; King County; Washington,4,690,34,181,275,0,167,3078,1727
53033022802,Census Tract 228.02; King County; Washington,23,1929,45,483,450,0,121,6380,3329
53033022803,Census Tract 228.03; King County; Washington,0,4316,468,281,53,18,13,7571,2422
53033022804,Census Tract 228.04; King County; Washington,0,1960,159,532,225,246,1,4746,1623
53033022805,Census Tract 228.05; King County; Washington,0,1846,71,87,106,0,0,3429,1319
53033022901,Census Tract 229.01; King County; Washington,0,957,10,56,190,7,0,3165,1945
53033022902,Census Tract 229.02; King County; Washington,0,1649,1,168,485,0,0,6765,4462
53033023000,Census Tract 230; King County; Washington,0,2430,54,668,511,0,53,7344,3628
53033023100,Census Tract 231; King County; Washington,12,1725,75,389,84,0,11,4501,2205
53033023201,Census Tract 232.01; King County; Washington,0,3946,49,231,159,0,0,5735,1350
53033023202,Census Tract 232.02; King County; Washington,27,1951,172,993,151,0,58,5126,1774
53033023300,Census Tract 233; King County; Washington,0,1909,856,419,610,0,24,7440,3622
53033023401,Census Tract 234.01; King County; Washington,29,1808,153,563,239,0,0,4327,1535
53033023403,Census Tract 234.03; King County; Washington,30,1216,56,273,210,11,0,3946,2150
53033023404,Census Tract 234.04; King County; Washington,0,455,25,182,155,34,0,3525,2674
53033023500,Census Tract 235; King County; Washington,0,1139,50,70,209,44,0,4098,2586
53033023601,Census Tract 236.01; King County; Washington,0,1965,57,326,273,0,29,4678,2028
53033023603,Census Tract 236.03; King County; Washington,0,3080,99,1588,324,0,0,6510,1419
53033023604,Census Tract 236.04; King County; Washington,13,2508,119,860,396,0,0,6179,2283
53033023701,Census Tract 237.01; King County; Washington,0,1435,32,226,294,52,40,4424,2345
53033023702,Census Tract 237.02; King County; Washington,0,859,60,56,0,0,0,1283,308
53033023801,Census Tract 238.01; King County; Washington,0,1351,0,654,147,42,0,3312,1118
53033023805,Census Tract 238.05; King County; Washington,0,1616,41,349,258,18,24,3655,1349
53033023806,Census Tract 238.06; King County; Washington,0,1794,96,95,67,0,166,3708,1490
53033023807,Census Tract 238.07; King County; Washington,14,2689,95,297,266,0,53,5906,2492
53033023808,Census Tract 238.08; King County; Washington,31,1256,104,151,209,0,0,2638,887
53033023901,Census Tract 239.01; King County; Washington,9,1295,66,363,633,0,0,4801,2435
53033023902,Census Tract 239.02; King County; Washington,0,665,0,17,143,35,0,2798,1938
53033024001,Census Tract 240.01; King County; Washington,0,1933,68,63,166,0,27,4403,2146
53033024002,Census Tract 240.02; King County; Washington,0,1887,71,85,153,0,48,4022,1778
53033024100,Census Tract 241; King County; Washington,0,1435,0,145,425,3,6,4617,2603
53033024200,Census Tract 242; King County; Washington,5,772,0,8,334,0,23,2889,1747
53033024301,Census Tract 243.01; King County; Washington,0,1002,171,87,327,0,12,4893,3294
53033024302,Census Tract 243.02; King County; Washington,0,840,17,83,359,0,21,3956,2636
53033024400,Census Tract 244; King County; Washington,0,1169,49,137,237,0,0,3166,1574
53033024500,Census Tract 245; King County; Washington,0,1027,72,167,486,0,72,4957,3133
53033024601,Census Tract 246.01; King County; Washington,0,803,9,90,350,0,50,4798,3496
53033024602,Census Tract 246.02; King County; Washington,7,768,27,24,309,0,7,3512,2370
53033024701,Census Tract 247.01; King County; Washington,0,1738,80,155,129,5,27,3554,1420
53033024703,Census Tract 247.03; King County; Washington,0,1649,73,69,136,0,41,4243,2275
53033024704,Census Tract 247.04; King County; Washington,0,994,128,957,85,0,92,4352,2096
53033024800,Census Tract 248; King County; Washington,0,2304,95,714,214,0,102,6268,2839
53033024901,Census Tract 249.01; King County; Washington,18,2836,7,248,160,0,0,4605,1336
53033024902,Census Tract 249.02; King County; Washington,0,1789,58,364,241,0,94,4409,1863
53033024904,Census Tract 249.04; King County; Washington,19,2152,98,15,58,0,6,2973,625
53033024905,Census Tract 249.05; King County; Washington,0,1665,0,186,137,0,0,3502,1514
53033025001,Census Tract 250.01; King County; Washington,0,2233,93,399,440,0,407,5968,2396
53033025005,Census Tract 250.05; King County; Washington,0,2496,92,409,836,0,14,6108,2261
53033025006,Census Tract 250.06; King County; Washington,0,2374,79,552,172,22,26,6756,3531
53033025007,Census Tract 250.07; King County; Washington,0,1537,192,455,346,0,0,4804,2274
53033025008,Census Tract 250.08; King County; Washington,0,730,3,272,60,0,11,2778,1702
53033025101,Census Tract 251.01; King County; Washington,0,1603,210,1100,638,0,0,6459,2908
53033025103,Census Tract 251.03; King County; Washington,0,1951,138,343,349,0,156,4126,1189
53033025104,Census Tract 251.04; King County; Washington,8,1915,74,297,722,0,28,4476,1432
53033025201,Census Tract 252.01; King County; Washington,6,1436,233,260,207,0,13,3900,1745
53033025202,Census Tract 252.02; King County; Washington,17,937,105,1011,941,0,0,4855,1844
53033025302,Census Tract 253.02; King County; Washington,28,803,711,511,282,46,6,4504,2117
53033025303,Census Tract 253.03; King County; Washington,77,452,458,221,285,0,1,2673,1179
53033025304,Census Tract 253.04; King County; Washington,0,1172,276,52,217,0,0,4205,2488
53033025401,Census Tract 254.01; King County; Washington,0,479,353,1403,248,0,0,3684,1201
53033025402,Census Tract 254.02; King County; Washington,13,432,533,828,209,0,31,3746,1700
53033025500,Census Tract 255; King County; Washington,0,1211,487,1147,309,50,57,5434,2173
53033025601,Census Tract 256.01; King County; Washington,24,1349,273,650,336,246,0,5354,2476
53033025602,Census Tract 256.02; King County; Washington,0,2593,162,451,613,0,26,6825,2980
53033025702,Census Tract 257.02; King County; Washington,0,649,177,430,232,9,0,3500,2003
53033025703,Census Tract 257.03; King County; Washington,0,453,224,1053,180,141,0,3426,1375
53033025704,Census Tract 257.04; King County; Washington,0,476,294,1066,58,107,28,3862,1833
53033025803,Census Tract 258.03; King County; Washington,27,825,768,1136,443,0,40,4777,1538
53033025804,Census Tract 258.04; King County; Washington,0,398,219,507,369,0,1,3734,2240
53033025805,Census Tract 258.05; King County; Washington,7,1193,637,581,238,28,75,5421,2662
53033025806,Census Tract 258.06; King County; Washington,18,1507,924,785,432,0,0,5064,1398
53033026001,Census Tract 260.01; King County; Washington,32,1296,1006,496,543,0,0,5533,2160
53033026003,Census Tract 260.03; King County; Washington,18,485,1568,861,248,11,0,4066,875
53033026004,Census Tract 260.04; King County; Washington,21,1439,744,271,163,0,22,4235,1575
53033026101,Census Tract 261.01; King County; Washington,11,1320,958,320,366,0,0,3671,696
53033026102,Census Tract 261.02; King County; Washington,8,1245,951,457,392,31,165,4287,1038
53033026200,Census Tract 262; King County; Washington,41,677,977,1969,410,205,0,6249,1970
53033026300,Census Tract 263; King County; Washington,66,517,229,222,34,1,6,1621,546
53033026400,Census Tract 264; King County; Washington,0,312,822,2241,265,73,23,5782,2046
53033026500,Census Tract 265; King County; Washington,24,802,1112,1195,147,0,17,4536,1239
53033026600,Census Tract 266; King County; Washington,15,505,98,409,103,16,0,2093,947
53033026700,Census Tract 267; King County; Washington,0,1081,788,732,227,0,144,5967,2995
53033026801,Census Tract 268.01; King County; Washington,100,1400,875,1471,251,0,0,6114,2017
53033026802,Census Tract 268.02; King County; Washington,0,1643,348,1790,243,46,45,6094,1979
53033027000,Census Tract 270; King County; Washington,0,739,42,479,96,9,19,2967,1583
53033027100,Census Tract 271; King County; Washington,3,984,559,1049,107,0,0,4213,1511
53033027200,Census Tract 272; King County; Washington,3,636,351,763,84,167,0,2898,894
53033027300,Census Tract 273; King County; Washington,0,2470,736,1467,121,157,25,6902,1926
53033027400,Census Tract 274; King County; Washington,16,822,279,1218,292,72,0,5043,2344
53033027500,Census Tract 275; King County; Washington,7,869,97,1119,352,0,0,4798,2354
53033027600,Census Tract 276; King County; Washington,39,312,402,1219,555,14,15,4232,1676
53033027701,Census Tract 277.01; King County; Washington,36,54,21,348,370,118,0,5599,4652
53033027702,Census Tract 277.02; King County; Washington,1,76,2,289,194,0,29,4825,4234
53033027800,Census Tract 278; King County; Washington,0,180,4,245,303,0,0,3298,2566
53033027901,Census Tract 279.01; King County; Washington,2,341,11,403,280,11,51,4565,3466
53033027902,Census Tract 279.02; King County; Washington,81,291,169,659,233,79,28,3536,1996
53033028000,Census Tract 280; King County; Washington,0,688,557,1122,108,0,0,3853,1378
53033028100,Census Tract 281; King County; Washington,18,384,1085,761,53,253,0,3072,518
53033028200,Census Tract 282; King County; Washington,13,916,1180,1033,153,215,0,4990,1480
53033028300,Census Tract 283; King County; Washington,21,1752,527,521,434,27,0,5361,2079
53033028402,Census Tract 284.02; King County; Washington,0,1060,2063,1329,349,25,0,6101,1275
53033028403,Census Tract 284.03; King County; Washington,0,1125,1777,504,373,72,54,5519,1614
53033028500,Census Tract 285; King County; Washington,11,471,368,1485,392,0,25,4522,1770
53033028600,Census Tract 286; King County; Washington,0,324,40,322,538,0,0,6418,5194
53033028700,Census Tract 287; King County; Washington,27,703,312,596,697,0,13,5257,2909
53033028801,Census Tract 288.01; King County; Washington,48,403,480,556,223,0,0,3516,1806
53033028802,Census Tract 288.02; King County; Washington,0,406,1770,2436,646,105,0,7438,2075
53033028901,Census Tract 289.01; King County; Washington,9,364,115,1000,129,75,0,3778,2086
53033028902,Census Tract 289.02; King County; Washington,0,369,1601,2161,758,381,15,7158,1873
53033029001,Census Tract 290.01; King County; Washington,9,448,150,386,233,0,30,3982,2726
53033029003,Census Tract 290.03; King County; Washington,7,1144,1108,1457,219,54,0,5850,1861
53033029004,Census Tract 290.04; King County; Washington,0,768,58,1696,791,7,34,4371,1017
53033029101,Census Tract 291.01; King County; Washington,0,837,1304,848,273,32,0,4397,1103
53033029102,Census Tract 291.02; King County; Washington,12,1302,644,1377,188,36,0,4989,1430
53033029203,Census Tract 292.03; King County; Washington,0,360,423,1121,392,164,10,4331,1861
53033029205,Census Tract 292.05; King County; Washington,65,633,856,1017,95,570,0,4824,1588
53033029206,Census Tract 292.06; King County; Washington,0,345,919,1439,235,630,0,4688,1120
53033029207,Census Tract 292.07; King County; Washington,0,783,147,263,224,11,0,2495,1067
53033029208,Census Tract 292.08; King County; Washington,0,581,1169,700,433,0,0,4624,1741
53033029304,Census Tract 293.04; King County; Washington,16,1390,447,678,351,50,30,5110,2148
53033029305,Census Tract 293.05; King County; Washington,45,1905,476,270,543,0,118,4685,1328
53033029306,Census Tract 293.06; King County; Washington,0,849,674,349,253,60,18,3528,1325
53033029307,Census Tract 293.07; King County; Washington,29,422,256,495,366,0,7,3964,2389
53033029308,Census Tract 293.08; King County; Washington,0,1232,192,382,322,87,51,3418,1152
53033029309,Census Tract 293.09; King County; Washington,123,1859,392,231,1069,0,46,5451,1731
53033029403,Census Tract 294.03; King County; Washington,11,1855,254,1009,1032,43,10,5968,1754
53033029405,Census Tract 294.05; King County; Washington,156,1634,554,376,608,21,20,5658,2289
53033029406,Census Tract 294.06; King County; Washington,17,1317,522,401,518,0,0,4772,1997
53033029407,Census Tract 294.07; King County; Washington,75,1047,1060,858,406,362,0,5228,1420
53033029408,Census Tract 294.08; King County; Washington,14,1312,805,1103,238,0,29,4594,1093
53033029504,Census Tract 295.04; King County; Washington,17,1615,1081,693,294,94,26,6647,2827
53033029505,Census Tract 295.05; King County; Washington,0,1214,736,1071,391,11,0,4445,1022
53033029506,Census Tract 295.06; King County; Washington,0,1300,863,404,210,406,0,4429,1246
53033029507,Census Tract 295.07; King County; Washington,0,885,31,247,78,219,39,3056,1557
53033029508,Census Tract 295.08; King County; Washington,0,993,97,498,580,21,0,4303,2114
53033029602,Census Tract 296.02; King County; Washington,0,1669,351,1115,356,0,18,7258,3749
53033029603,Census Tract 296.03; King County; Washington,0,1493,77,409,159,226,0,4162,1798
53033029604,Census Tract 296.04; King County; Washington,4,500,434,701,138,135,0,3593,1681
53033029701,Census Tract 297.01; King County; Washington,0,478,325,1858,169,0,14,4788,1944
53033029702,Census Tract 297.02; King County; Washington,0,908,683,524,160,6,0,3386,1105
53033029803,Census Tract 298.03; King County; Washington,0,818,847,982,164,182,35,4851,1823
53033029804,Census Tract 298.04; King County; Washington,0,1147,682,359,440,41,0,4536,1867
53033029805,Census Tract 298.05; King County; Washington,52,589,704,1182,240,8,0,5029,2254
53033029806,Census Tract 298.06; King County; Washington,0,1227,286,771,401,585,8,5339,2061
53033029901,Census Tract 299.01; King County; Washington,15,652,545,794,510,0,11,5126,2599
53033029902,Census Tract 299.02; King County; Washington,8,1340,253,719,482,101,33,5614,2678
53033030003,Census Tract 300.03; King County; Washington,10,702,266,1664,817,136,0,7225,3630
53033030005,Census Tract 300.05; King County; Washington,49,578,503,2597,800,157,0,6285,1601
53033030006,Census Tract 300.06; King County; Washington,0,354,1028,1563,125,523,0,4791,1198
53033030007,Census Tract 300.07; King County; Washington,0,588,1649,830,400,210,0,3997,320
53033030008,Census Tract 300.08; King County; Washington,0,1159,1062,828,360,195,11,4651,1036
53033030101,Census Tract 301.01; King County; Washington,20,634,549,414,500,151,140,3777,1369
53033030102,Census Tract 301.02; King County; Washington,0,633,22,269,195,0,8,3384,2257
53033030201,Census Tract 302.01; King County; Washington,0,515,789,1739,180,302,127,6025,2373
53033030203,Census Tract 302.03; King County; Washington,52,291,1493,1307,170,0,0,4482,1169
53033030204,Census Tract 302.04; King County; Washington,0,582,309,709,768,12,0,4261,1881
53033030304,Census Tract 303.04; King County; Washington,10,575,714,982,373,123,0,4399,1622
53033030305,Census Tract 303.05; King County; Washington,15,592,395,415,794,0,15,4843,2617
53033030306,Census Tract 303.06; King County; Washington,76,865,663,774,268,14,24,5425,2741
53033030308,Census Tract 303.08; King County; Washington,0,1007,1945,764,384,352,0,6123,1671
53033030309,Census Tract 303.09; King County; Washington,46,836,1540,156,370,0,0,5194,2246
53033030310,Census Tract 303.10; King County; Washington,51,1597,338,978,593,957,11,7015,2490
53033030311,Census Tract 303.11; King County; Washington,9,327,511,1436,353,164,87,5023,2136
53033030312,Census Tract 303.12; King County; Washington,163,465,1091,815,727,0,0,5352,2091
53033030313,Census Tract 303.13; King County; Washington,0,689,831,1137,982,0,18,5055,1398
53033030314,Census Tract 303.14; King County; Washington,7,1113,788,784,277,5,60,4552,1518
53033030403,Census Tract 304.03; King County; Washington,11,512,611,594,318,0,13,5087,3028
53033030404,Census Tract 304.04; King County; Washington,6,646,217,745,595,41,261,4741,2230
53033030405,Census Tract 304.05; King County; Washington,0,452,0,309,189,39,0,3863,2874
53033030406,Census Tract 304.06; King County; Washington,0,287,262,440,247,39,209,2799,1315
53033030407,Census Tract 304.07; King County; Washington,0,737,383,396,156,16,0,2640,952
53033030501,Census Tract 305.01; King County; Washington,20,178,289,320,209,23,0,2651,1612
53033030503,Census Tract 305.03; King County; Washington,11,1076,1271,1140,669,6,0,6691,2518
53033030504,Census Tract 305.04; King County; Washington,19,163,1007,763,406,7,24,5432,3043
53033030600,Census Tract 306; King County; Washington,72,66,280,747,555,165,76,5279,3318
53033030700,Census Tract 307; King County; Washington,4,199,359,930,483,337,5,4077,1760
53033030801,Census Tract 308.01; King County; Washington,56,191,935,3912,185,240,0,7310,1791
53033030802,Census Tract 308.02; King County; Washington,0,338,264,1030,204,687,0,4489,1966
53033030901,Census Tract 309.01; King County; Washington,15,478,614,925,348,124,0,4046,1542
53033030902,Census Tract 309.02; King County; Washington,15,568,124,1613,375,307,23,6090,3065
53033031000,Census Tract 310; King County; Washington,74,450,351,492,222,274,0,4655,2792
53033031101,Census Tract 311.01; King County; Washington,286,287,168,811,467,326,141,4000,1514
53033031102,Census Tract 311.02; King County; Washington,238,65,178,805,123,74,0,3100,1617
53033031202,Census Tract 312.02; King County; Washington,1233,14,137,683,310,3,0,6116,3736
53033031204,Census Tract 312.04; King County; Washington,134,425,22,228,735,34,80,6415,4757
53033031206,Census Tract 312.06; King County; Washington,46,636,38,1698,243,292,8,5571,2610
53033031207,Census Tract 312.07; King County; Washington,204,996,401,597,546,0,0,4875,2131
53033031208,Census Tract 312.08; King County; Washington,74,788,0,662,295,19,0,4369,2531
53033031301,Census Tract 313.01; King County; Washington,8,63,0,109,74,115,21,2096,1706
53033031302,Census Tract 313.02; King County; Washington,0,55,59,857,363,15,0,4576,3227
53033031400,Census Tract 314; King County; Washington,57,137,0,583,519,51,39,6179,4793
53033031501,Census Tract 315.01; King County; Washington,43,63,0,220,161,0,37,3850,3326
53033031502,Census Tract 315.02; King County; Washington,0,66,0,324,351,0,14,4900,4145
53033031601,Census Tract 316.01; King County; Washington,0,456,0,819,198,0,26,5522,4023
53033031603,Census Tract 316.03; King County; Washington,0,1082,195,909,405,0,30,7843,5222
53033031604,Census Tract 316.04; King County; Washington,15,616,13,411,664,0,19,5859,4121
53033031605,Census Tract 316.05; King County; Washington,0,288,0,526,65,0,5,3791,2907
53033031704,Census Tract 317.04; King County; Washington,16,1456,423,1226,200,75,23,6509,3090
53033031705,Census Tract 317.05; King County; Washington,11,704,342,175,145,0,18,4214,2819
53033031707,Census Tract 317.07; King County; Washington,33,396,945,9,86,0,11,2961,1481
53033031708,Census Tract 317.08; King County; Washington,9,395,87,725,28,0,0,3693,2449
53033031709,Census Tract 317.09; King County; Washington,0,633,70,616,99,0,16,3576,2142
53033031710,Census Tract 317.10; King County; Washington,0,140,148,358,649,18,0,4317,3004
53033031800,Census Tract 318; King County; Washington,0,907,253,374,505,64,16,5138,3019
53033031904,Census Tract 319.04; King County; Washington,0,142,7,284,207,21,0,3567,2906
53033031906,Census Tract 319.06; King County; Washington,23,507,107,359,402,0,0,3854,2456
53033031908,Census Tract 319.08; King County; Washington,0,461,517,336,449,96,36,4126,2231
53033031909,Census Tract 319.09; King County; Washington,0,484,366,573,272,0,0,3005,1310
53033031910,Census Tract 319.10; King County; Washington,0,816,97,309,443,0,13,3981,2303
53033031911,Census Tract 319.11; King County; Washington,0,869,131,106,236,0,0,3458,2116
53033031912,Census Tract 319.12; King County; Washington,73,380,70,392,263,0,3,3796,2615
53033031913,Census Tract 319.13; King County; Washington,46,394,30,426,585,0,24,4162,2657
53033032002,Census Tract 320.02; King County; Washington,0,78,97,276,65,20,63,3099,2500
53033032003,Census Tract 320.03; King County; Washington,18,259,31,419,321,0,0,5488,4440
53033032005,Census Tract 320.05; King County; Washington,0,1046,464,1021,721,0,72,7543,4219
53033032006,Census Tract 320.06; King County; Washington,33,183,171,550,211,0,142,5342,4052
53033032007,Census Tract 320.07; King County; Washington,50,318,14,239,293,0,0,4286,3372
53033032008,Census Tract 320.08; King County; Washington,40,347,27,95,522,51,51,4696,3563
53033032010,Census Tract 320.10; King County; Washington,0,1077,115,361,504,0,0,6585,4528
53033032011,Census Tract 320.11; King County; Washington,0,728,115,321,432,0,0,4939,3343
53033032102,Census Tract 321.02; King County; Washington,0,261,19,249,289,0,0,5168,4350
53033032103,Census Tract 321.03; King County; Washington,10,883,201,314,644,0,113,5588,3423
53033032104,Census Tract 321.04; King County; Washington,45,570,35,633,353,0,166,6504,4702
53033032207,Census Tract 322.07; King County; Washington,0,764,98,144,262,18,51,3703,2366
53033032211,Census Tract 322.11; King County; Washington,0,1865,75,631,348,26,85,5014,1984
53033032213,Census Tract 322.13; King County; Washington,154,916,63,202,262,2,45,4739,3095
53033032215,Census Tract 322.15; King County; Washington,0,2603,12,49,283,0,8,5817,2862
53033032216,Census Tract 322.16; King County; Washington,0,2677,3,89,243,0,0,5195,2183
53033032217,Census Tract 322.17; King County; Washington,0,999,97,282,210,11,10,4165,2556
53033032218,Census Tract 322.18; King County; Washington,0,2172,221,423,272,0,86,6068,2894
53033032219,Census Tract 322.19; King County; Washington,0,1249,33,114,289,0,0,4284,2599
53033032220,Census Tract 322.20; King County; Washington,8,3376,283,287,991,0,244,9261,4072
53033032221,Census Tract 322.21; King County; Washington,65,2140,0,348,476,0,146,6028,2853
53033032222,Census Tract 322.22; King County; Washington,0,1122,368,117,362,0,0,3997,2028
53033032223,Census Tract 322.23; King County; Washington,0,1514,14,79,132,0,0,4393,2654
53033032224,Census Tract 322.24; King County; Washington,0,1428,7,62,209,0,0,2899,1193
53033032225,Census Tract 322.25; King County; Washington,0,1784,0,54,240,0,0,3635,1557
53033032307,Census Tract 323.07; King County; Washington,0,229,0,367,181,20,32,6568,5739
53033032311,Census Tract 323.11; King County; Washington,0,438,0,544,375,0,0,6064,4707
53033032313,Census Tract 323.13; King County; Washington,1,4155,29,571,473,0,142,7682,2311
53033032315,Census Tract 323.15; King County; Washington,0,494,0,534,297,0,0,5794,4469
53033032316,Census Tract 323.16; King County; Washington,0,2129,56,322,449,0,13,5650,2681
53033032317,Census Tract 323.17; King County; Washington,34,2105,0,308,205,0,0,6863,4211
53033032318,Census Tract 323.18; King County; Washington,76,2887,0,278,286,0,0,6919,3392
53033032319,Census Tract 323.19; King County; Washington,0,702,203,1070,180,16,0,7085,4914
53033032320,Census Tract 323.20; King County; Washington,12,517,5,299,442,0,0,4791,3516
53033032321,Census Tract 323.21; King County; Washington,0,3219,14,142,214,0,0,7197,3608
53033032322,Census Tract 323.22; King County; Washington,0,628,48,124,321,29,0,2969,1819
53033032323,Census Tract 323.23; King County; Washington,11,2397,146,603,383,0,199,6915,3176
53033032324,Census Tract 323.24; King County; Washington,0,1772,243,655,504,0,0,6708,3534
53033032325,Census Tract 323.25; King County; Washington,0,2064,16,337,187,0,0,6379,3775
53033032326,Census Tract 323.26; King County; Washington,0,530,0,523,169,0,0,4100,2878
53033032327,Census Tract 323.27; King County; Washington,0,360,14,363,149,6,0,4125,3233
53033032328,Census Tract 323.28; King County; Washington,0,613,0,127,264,0,23,3147,2120
53033032330,Census Tract 323.30; King County; Washington,0,2348,332,424,199,0,0,5610,2307
53033032331,Census Tract 323.31; King County; Washington,0,2337,183,618,305,62,74,6193,2614
53033032332,Census Tract 323.32; King County; Washington,27,3142,97,215,204,0,0,6238,2553
53033032333,Census Tract 323.33; King County; Washington,6,1598,128,61,357,0,34,3445,1261
53033032401,Census Tract 324.01; King County; Washington,0,570,21,483,523,0,0,5931,4334
53033032402,Census Tract 324.02; King County; Washington,49,703,30,1142,205,0,34,7437,5274
53033032500,Census Tract 325; King County; Washington,10,294,15,522,188,0,0,5725,4696
53033032601,Census Tract 326.01; King County; Washington,0,14,0,191,95,0,0,2454,2154
53033032603,Census Tract 326.03; King County; Washington,0,560,0,244,161,0,0,4233,3268
53033032604,Census Tract 326.04; King County; Washington,0,1341,147,305,463,0,64,6176,3856
53033032605,Census Tract 326.05; King County; Washington,0,203,53,224,261,0,0,4051,3310
53033032703,Census Tract 327.03; King County; Washington,0,95,0,118,70,0,0,1878,1595
53033032704,Census Tract 327.04; King County; Washington,119,430,19,980,766,15,20,7962,5613
53033032705,Census Tract 327.05; King County; Washington,0,116,0,315,150,0,0,3593,3012
53033032706,Census Tract 327.06; King County; Washington,41,109,35,335,115,0,99,2944,2210
53033032800,Census Tract 328; King County; Washington,5,10,4,42,89,0,0,2534,2384
53033990100,Census Tract 9901; King County; Washington,0,0,0,0,0,0,0,0,0
